aa,n,8b977393d3881617cc95e2134415f42b891b6db0d890d6aa6b7fbc4c34f3fd90
ab,n,200d6dbc09aebe2fbc6eac7a10271aae1b51fe15b057fba1e615311ba66dea72
ac,n,3c04b01ae4fc8d130b5c05a897445758db9cd07cecade41a24780919aa5ff9a6
ad,n,5235b5cc504c3d739a3ff5a4e904d7590255bdfa8a8f8d15bff1632d7496ba76
ae,n,b704817d754a29fcdb512d25de6e41cc39c074ab22a380d7ce1401910b1a0e11
af,n,248fb276f60f01c8aab4fdc1ec90b1f14d16771d5b4b6cbe500cebb0d82fbafa
ag,n,7811647f8e15ef22a1563083c0d685a8d5d18bf59313ba6f75168ce8642df826
ah,n,7568d29c54d0608467453d9bb7375f80ac48e33a6338341769bead34c538f0a6
ai,n,32000e140c9ebe9ba78269ff479b586faf77ac0ade3f0f7f7b5a854e5583a7a6
aj,n,cfbd5e9b1a684d9e60faa78dfc6b99b83d656d2fc7d3fb9ebde4150d97168db3
ak,n,7dd7fe99a51b25537f5f625aeb079cbd6d03d0a2906fd7fb534e1c61e762b700
al,n,77f908e6ab73cd274437d9c55b045f398f6e47fbc8e4edd16c92f36ef498eb30
am,n,592372bb39bc1c652ceb4091a694d77fa9ef5f144e3747c0539babe1a407428c
an,n,9b2d5b4678781e53038e91ea5324530a03f27dc1d0e5f6c9bc9d493a23be9de0
ao,n,b6a0005c7e9085a729bb395b3d30aac3ee4c5155f9dd570a41bc3a82614b31af
ap,n,82ebadafdeec2df737e59b762a3c868e5884731addc8cd687e78b5de93fd061c
aq,n,a60f76e94051a51ae5d7e26cf9b44ba30c9116bd74f1ee90ad05ca0ff69859dc
ar,n,c1a3d0ab649821db54ec4dc668c63489ea17738ca1727ed2638a230ede605e3f
as,n,047de0f543c7e3596bb6dbd0e65f2c30357720a63eca423f08c52fae314f6806
at,n,d919a100ce6b45524d415d52d088d5817587c6dd8c3691b03b8063c44d043523
au,n,89762a9d7960e4834ef6bdfe6d34119b60329a008aa49455f812c23b5199ef3a
av,n,abca4de9dd94d3ac2db9c470f8d4557f421b969fab4990c3c719629f7e7a8b69
aw,n,edae1594b398cc8dd5cf9eeb87e72e52987f371efd6bdc445288201907ba0eb3
ax,n,e0c85f7b2112fbf034af46819c1c15e489920e8bb28cae081bb1c40feaa81a1d
ay,n,4a64585238a3b3ca5b8e12b430ca6dada6fa51187a3aca9615562a5ebec93cd5
az,n,bb43fbdc9da03795209911ac68155112bd39be62989e1b20a1381d523d9fb21a
ba,n,1f1a4d92af8fbe2e099df1ef369738ce76713c614a8f03a29546d8b1f3b27c04
bb,n,761119f21f27a2f4e11639f44bfdec4436b1702a74010afb8b6ab9cb421336ae
bc,n,c880901c00eae55922076e756a5ad8c17beafa11f83edc9ed0988963e6e08643
bd,n,1777135af3b27814eb0f0562aa266c903cf64c5aa92daa57521f4b33a57a392d
be,n,42266b85a582f044979fd2c4dd8b9e4c3c411407ce0bce41c44317e97814a0eb
bf,n,4fd179c752262999de4fcb275dc84776163923f1a5db84af8bc89c1e3330b3e8
bg,n,653b325a1011f481c4a5c3c6bbf2082aad56e2a2519342a0b0d2c38dd3d6bf12
bh,n,b740407ca0249cd65db7b09b843f7284488fbd46d9cb87a571fbfe8fc924c132
bi,n,8f1437c525af54407ba44790f00553ec9091a3fe397897cca3ceb88e1f9605e9
bj,n,e089932bd59044a591ffb64f95158e9d79ea4fc2d5cccb8aff0b617b61b3f6b9
bk,n,6afd038687a96730d65753ed0d292878e819324ab3470585c4558861126be9a5
bl,n,4623648d30197a49fc0986e7499a2a288e18fe18beb2ea9d6fd926f566966e5f
bm,n,65da367f44e8891bad30e8622402d48b04c0b864358368ebbb014a45e18c7952
bn,n,1351d0d173e9bc9363f305c384cf03e2c186e8f711de24788b17cf62a77a0dab
bo,n,c0c6d814ac1b45a8257da82772957aad856171a64d8e52164639f6c75f5cfa5f
bp,n,ce3f8f4e779774eb15860ec3cf68fa11c7e38f1979d6449e69f20d46d7993b16
bq,n,0743f08d30f53a8b59466916e0047c47f73e0c04bb6b41a26ca1578decc2f411
br,n,29d309faf4377e54e52ed6ea39b0068e0e08842dc098b3c2853d1264a23dc4ae
bs,n,45d6eb3657aeaa14c3dacc16d9278dda8d6aa21c61456f9a03d80e34d368eeec
bt,n,31612b0997d65a3e2c535d5f995427a9df86bcf952f7e937f3e55e7c219bed59
bu,n,c3bdf156402d6a2dfc87a27301428bc9aa4c2a3eed390d3dec5671fd4ba1a186
bv,n,7e65913363077b45bf7b934407a88cb7f814b994cd4ae3d9e5368ca7acffcb84
bw,n,8e8d30948b53735c593808d413ef14e46c784ad155437d6a039b495541d236df
bx,n,a8c98b94df3f3593b3855f531b14dfe47323cd14ef8ec699b2e58ef67afcce29
by,n,08199c8a24a42594d4aebd422da82b38096b8c284bc2d5d05182f2810dda6f94
bz,n,d49611173b9178a4f941e366f92b3b368a69ae8f710e15588e27baac8c9076b4
ca,n,5ef5ada9b5456a14451e8ca64cf69a96c8fed3b5eec1436610f06de3297fcd87
cb,n,cbaa7bdb89df583cb0095c09b979c3cb69a67f8197b34bba77dbaf6df90a9699
cc,n,2adf2019ebe2046aa3c7d43555dd3468aef74273f9ab67aef1ee72c7646ed261
cd,n,8bee08fa9fc569565f8d241a164af0da1d72547a26de8b4609de9f8797b6bab8
ce,n,a9a5938e11812b3d57cb2213cd5d091c2d43c7ed2429ada23c1ccd7357078ccc
cf,n,fb41289a567bf91a42249492e64e5e4ec8ffe11e3ca3713defb210ad95bdbb26
cg,n,54b324947ebea9546e5b40237dbef143e16749b2201918fe892798d9f6702260
ch,n,6be0d417d847e05c4e30357575113d72664f83ee3d921e57607575c69d65bb01
ci,n,27f96233ad90b365afc8d68251ac4b5b8c424c50c70e9f1e92dfcd88a03967c5
cj,n,2ca49de4b992a30c772a402543e7c7e480fee16c3ca8b31947b5a4510f95db9f
ck,n,0290da0f781d59b2be2c4656271edda63d88916d0575239b0ea937e2e8d5d0ca
cl,n,7b8fd38dc42aa558845340f4427b3c9f86be073564ab61e4af32dac9f7188cdd
cm,n,3eefbef3cf7629e32ca1011b23900f492b5231e31c3edef81bb93a9bfe908eed
cn,n,b16687a43fbff767a36749e4e6db0c23ebd106c2be473b8ed2c28350df2b1d1c
co,n,9bff55a9d7bec01ffc4fecd680070fc21ffe044f1c307eaf0ac98d5b8a18cbb5
cp,n,dbe6023823d9c2e4b3a8330fd85d14e237286fc8476bd3f27a7f38c68b0d73f3
cq,n,f3502cf100237726abba907b4616d5acc0fec4f1302a72e940f76bb6be633bf7
cr,n,1034b9bae12bb3ad6ba9cee7464019f4e074b61cc200a1ab165d8d102a9725d2
cs,n,e80206b9ecfbf3c71af1842b7293dc04d562fb41af03195a5100817c9e232d62
ct,n,def98b33edb7b41be53d42ba0877b0d38504a16c6c2e6a624434b92becb73869
cu,n,c11660b7a0ce1328ba350cf5056b9f1f0a2860254b39caa50ea360ee0c45f132
cv,n,ded1a272dae02a55061a11cb16efe0fc827079b44392ba33711fcf8694fafff5
cw,n,0033cbf6a90f7ed76e5e78a84c0092e5a45696e361c449e74b37f357c854ef2f
cx,n,929de65c3ce28a74df5157d4c1d655287201e0ea90210381741838d5a59ca37d
cy,n,0bfc48048637a142687eef621a04a4f4b26f4a6759966ff015960a2a6d350027
cz,n,a4c94c898f51d3db583308691636e30ed3d56f2007201aa93462561159a9eefb
da,n,37242106bee67850080d4856d160af34233c93468d5f78f59958ca689367b69b
db,n,defc9c8fd47e9e21ddf5869919b181d25172921fa9c0622ef0995be6168b8a20
dc,n,4321e4da6bf1f4e6119e2c8f89db6d30e7413b58db3106a02c7d2771d7f051e0
dd,n,149eae4a2539a5a377bd45966d89ff44d15fc289c179a038bae73bee043573a4
de,n,0e6e7ee542c8bc6045bc72d712d40900cf319c7ae017fe7c4ae4fa0b48bbb7c7
df,n,c9021b150e3af6bfd4f5d6bc6124c5f2c4fbdf21966861838ef69d1c226e4803
dg,n,8af4bd76667c19c0c72ac84c28026e478a013818882c62cc7ef0c536069e11e5
dh,n,fe108ea4a1f57a90fae6156f9a3480887cf4f98c2def181dd997d9bf139c803a
di,n,b6261dae64311e28b6797b3994166edbbc3ec76b8910bdb261081584cb4d4928
dj,n,5fd296f4bf1462bb052bffdead83126c99d5b484d0e8c657a42d95170a696a02
dk,n,0d0b5def091476aba49d83b505e47586b99b9889a3b96f341bd5f5e2252736db
dl,n,4e68dec883a905e2955b12b4e948a23a85f7d6fa19b2bfe8fa3b5bc4e78f994e
dm,n,0cbf62b70b407bec2b7d98d3156542033204f334739c636c576847d8c338ac5c
dn,n,42027557320072f7040052fa07fe4e775d563c491bc2b763e29e7fcb3faa4fb6
do,n,82a021816ee2bae1d0493440b1974618d45e76f9d8b05e7bf63a68e6f365f15f
dp,n,cef5bd1cdceb24eea0701e15066ea245894b3117f89b91c0483faf61eb29a85e
dq,n,a0b0d2825a1c2899c10a6b32ca98007d55e9a627771886e5c2b69ec51c0faef6
dr,n,ccf96f22661bfc8a98a0a9a409370d9ab24b0d4aced08556fdd5b8334b89ba12
ds,n,61383e2da743e295ab1e7c6b6aca4c006fff1478631005c00b87f7c35e2333a8
dt,n,bb088c22e0a72fa105a9d7ef14418459241ead64f5b086e4318cbabc3750db50
du,n,a767a3f738f9a757a31ab2737e4f4dab63c94f608d3d45cebbd5c926a6e31151
dv,n,a8518388e1b36d1078004e5de4220f3fd9ff655032455f8683d9335df83a527f
dw,n,80f0902f17b3e984bbb914b3a64b47117eb405c970f3ed838d493192a964b808
dx,n,75b0363bb91559b09407d449d644c64c940b3d7778d62c23588d50c0fdc28150
dy,n,ed9af00b47c53ad067a067ecfea7f7614aa981e2596d414881f057ea86a1570c
dz,n,a7753ed716a5740772a03dfab4365788614d2ac219cf45d38a123c105c836c4a
ea,n,11e74850959a58a843bea93e99414a3a198e5f17078a2566b453caa62aaff4da
eb,n,d6361f6d7e5c958a88720825552f85f70c302e1510ff00bfd7c9558a05ab6efa
ec,n,9d9b90817fc39231aedf8f19d5e19acde3e9421afff1018d942ecf9f2676176a
ed,n,c2bc07610fb18d0eb3a72f9806258997e3bc1236b6250d2bed5b8844246659af
ee,n,18fc166232dc2df69a48bfb976991c05109a4a1ddf1aa9a9590aaaf927163dc4
ef,n,6d5a5c6440fe39e480814bb24be5f521f28cb8cf5558f2df02aed30e766d234f
eg,n,fa34f521b2c2ee9c4d091d8562c72ef8402e8a20f199d75d2885d441a0b6bca0
eh,n,24a740d106f17921e5d9404c206fe168862802f9e343a1f8034d421e72f3733d
ei,n,4f15b924e81641ed266dba70ba18ada6b0d0a32f1f495714864808406499a908
ej,n,162690c6ec6990e8c06a6902a3dc78acc732680e9b379f65e40bedc9bc5427d3
ek,n,9868da8191e51d4b3bfb73d9403854d92f5612fb949d0734fa93d7752aedb120
el,n,e9e9cb695029600fed60d7a65f4b9ad92e377f5e337ed35889fe899c8fdf96b5
em,n,18ce15cc9d3bab28791ce25fcc1cc8fff7550ee4ef4a08b1d41303986a304417
en,n,5111846f9b708380ee90dcfca22e4a5a7e0a8798167a26da30783c3d4bd32247
eo,n,73ef176d9f12809e64363b2b5f4553abecca7aae157327f190323cfa0e42c815
ep,n,fb2f9f823800728ddcfe1adea2879c299d2bac1090972bfc3d6ca3192d04c3e1
eq,n,601fa801aaf9c379f26079b2859db6b8872e661b5a5ac38a405fc2bad0650a8b
er,n,c8e67683c9f04ef0310ce9579c189bacc7197c205d40f342ef4e78e1b4226912
es,n,7accb4417aea998fa57c118399884150b6daa597addcc83a3ec4ff9a1c4f5c1c
et,n,a08a0fcbdeafd3c1b3a4b495b9a9c9d96850f08946b52bc0622347d3b6e73b78
eu,n,b1688cbab7e2c8ad7cf619047e25eed6c9e344ed970badcdacd0e9ec73b08626
ev,n,78545708a31b3ac093e7dc198dd635bfad39ca73dd120e0a10cbf25c6042306c
ew,n,11507a0e2f5e69d5dfa40a62a1bd7b6ee57e6bcd85c67c9b8431b36fff21c437
ex,n,5e48ca128a3eceee3c61711b66f2ae790a444390b1a4755c43a59d9a9b1889ee
ey,n,7a982b2e6e387ef3cd52bc70b6bfdb68c4d77376c3c96122aa407c1d7a074cb5
ez,n,7b7d4187636431d155c2282c66aa0cf4165dd54721642329350d6f9843fb1d63
fa,n,2194d0f78b15f2bd5f8f7e92ef1fd901673369ed10365a02d5437b611f23d227
fb,n,a90ef876460f014bdc2678e49a0b8077d14e523b32991efbb3c6614c77a60980
fc,n,8c8a7a3c5ef6f3ecc78042144c3744a4ac87b52477d2ee847c78cf0e5d422a25
fd,n,df7353de1c454ee3ce46ede1f61a0a89aeb6310f6814e325b0cf7ec5bfadad80
fe,n,eaf673ea8a3f1436a3de0509c65e7be401c0a3319c27ff183fbd02b62b347158
ff,n,74749ac9650aea5d148a7ba5847a69c172ab01526feb5d9f64e68cc20bf5d095
fg,n,d85db0a54febab6113cc1c62135f99d541af62354afbc7a32e0bf6e62577aaf1
fh,n,facab7db3c1a8083add7a7ecd9db6816393793f3130686899aa305378c3cf5e1
fi,n,d0d335ce5b2a8b8e491d6fba527009bd2ffe53a413cf3bc44147d9cdb45ec4b3
fj,n,68bfe4cffff40b484d9689a38ede7599fd5cf1e54d58b800e3bcd8593f15a6fc
fk,n,b17b5f48c11378ca8a308784c6414ac6e5adb1242331fe0a6516a4f9d2b15e98
fl,n,196e2aa52f81dffeeaad4e6ee89acbf57bc6a98e31f2e286fdf57bc7f3258190
fm,n,2272edd0cf5d3f84d3b092ab4aef7ce946ab5e9f6b3e521d71f80c43cd549039
fn,n,ad4cfcc2c02b00d292cd27ac2af2d432c5756a56babd3b2664cc76201c9f8b9b
fo,n,cf5dd5aafe2a12e78208f777d6d3f8c19b3b32c3c161fee84f883c0e29775a80
fp,n,02a8f80cc9ad0b1deb3570e7ecbd00ddb816f600705991fa390d3b3b72a4d6e1
fq,n,456b984440216c501f2c9165eb9e50aeb1510990ecc3391ffb4766b5e499e059
fr,n,53df37c1604a4fb1bad5706ce5fbbe458b8485a7518de16e9003d5ab3ef08ffe
fs,n,b5c257740f3b8158e130205bd1903e4ab855d307324847619d06cee686b5b85f
ft,n,b8cb100b12807bd8a8267800477ee5ba4bd387e840bbedf02e31787ca9430bb0
fu,n,f214f71d017fc1f7d4ecf23bdc123428b9a3d243e13fa04c25c01ddd85d1f164
fv,n,e592ce46c73efef3aad435b38f2ffeafebf106d3a01816f2dac5d1fe97169f42
fw,n,5cbbe411a4c460ca7e58e4684dbeee19725d217220b02deda366467791b31024
fx,n,188a7e3a2c2480aa196b20879e7f9e2d69ef40e6338a090939b41d7189ac73ce
fy,n,28d0569bdce2df7bd83bbdef511917851b85548389f35ab0663617d8b9792c57
fz,n,75b7d4d403b7d82dc1cca43d1a8060856e76c04476340c007c9b0a0187b5ef0d
ga,n,9b37312c0240171b58120de5bf83519c0ab593ffa52e9511ea9a10465cbc94d7
gb,n,54e06661ac3ae141f0b6e956f18eeeeda5a63d38bd992366f5d5a1cdc118a77d
gc,n,4f5a97d8df7ddd9a799c629c336193933fd2528313f67682c8d471f58e88cad9
gd,n,24c3db2d267f4ae593ad4422396e9b1c2faa477c5c4cc38810cfb1e5853ecef9
ge,n,695496ba405f35695e21f8d022bcb3ea938e5b1a74c8ca0c4761d79af60fb684
gf,n,b5b871bbca240a2af6d90c6804138ad5d305a9812e72f8309d8e1ec01183e8b5
gg,n,c90a9aa8734a734bafbe92849ab432f9fe982d8dcf7bccc7f13f13739aadbe2c
gh,n,2c8efab42899b462ac56913f11d471dd5d1432b300e453fc0b6544b4d15725b5
gi,n,fd1432b520b861029a6cb36ec36eefa8dbea31cf9ea46faa1602e5937dd404b9
gj,n,52cd1299bccbd1e5bba94012744b2da73f3934b4eade66236b4bd506be440845
gk,n,e04c83e431803a26f5ee0c2a40cf2e6a07c88388f04a8a9227f3627dd54d81c0
gl,n,9d83677dc3b24766e22850bc88b5f36c7651b17a064daf5b8ec512438546d7ca
gm,n,a45d847c86990ac93d54c2d23469fd1c37ea0d56f1cb1e40f6e8e88428177f5b
gn,n,5271ce1e2cebd836d0c2fb7175b8fe159443d03516f5938d303a184267da521e
go,n,bc394ae98efa1a55a7f68fc43cbc55374d6711124bcdb17837646cdfed4d2f10
gp,n,ae7a7613c4ddfc5d6296d03762235a413ea98ab5a201cf65f2acbd8472c05569
gq,n,434e3e521f5840a27e4f360546a5ac06f603d1d1e77a8ba073cde00604d990b8
gr,n,ea1fe05b940649e05078682d7884cb7b31bd07b9f4a15adcf3f4fbaf9b3ecafd
gs,n,e56a606b729db561daae60a48ee0dd4be40257dc77285b05dc823785567fdc0b
gt,n,b62f282368d65b865ab69b4f8f855809a294b602d73eaabf788262cb26d6a351
gu,n,a9c64a575d7e54ef8051d57c87e9e5dda00b0205767581918d01e97d81581298
gv,n,3ff8afced4efc2fc7d05a712e972ce9d06d48e3c015c2e3fdec03cc0bb2d540c
gw,n,1074a3974d1618235d9c63c0966ff7aaa3c3cfd455248e409bbcfe2864423a24
gx,n,0ebc372fd12cf0359c467c5231a0a61528f2c0d10572b15b273919a2972f56f5
gy,n,6b80f81eec2be405a899bce996f971401dbbda492d1961b43a003e0a4c8049e5
gz,n,df6ef24a1dee31b96e8e5013295dbdd0a7e3d28afb5751cc8d9c03ba1edac03d
ha,n,1a1d30aab8a585cfa648af1c83464c0de3e2b5b2c1c0941ebee336c17cfe09eb
hb,n,f23b458f62e53a743c9f19adb23050b098c91e1c62966c4f241902943d512ad9
hc,n,2ef00c2c1b12a24e0fa75cd49e0d55fbe7d80c2fca467e421d7853d197bba654
hd,n,1927b1734d7f675c337e38fd33f376de0e4fd67812ee4c4d4ccc07ee4103f684
he,n,0fbe8c80fbff870666ee9762ce21581fc4af27b505ecaece3136887d070e19df
hf,n,64808eb7b5360b4a304f5e5e49ad4563ce38a2fa0daed7fd4c720e6ab96a6eb7
hg,n,5832ffc81b2022874015ab7b40c59e69421fd07b42a119d31b5b4c369016a6d3
hh,n,f8ec981f46267dd6033dcc671fcd67a4c2764e427371d2c14e98e7c9f2b8ccc6
hi,n,95248b1a5103336838f7e866b45f90374be1a7432df01794948946b01e348878
hj,n,1581fc50b47ea298146b9185997bf0880269645b0a2c801b960cd92bcc3b5278
hk,n,696fd4fc526576c9ac94177c3269ca65aba8c0743dfd61bad5c2ede5f5fac903
hl,n,1514f6f176aac6b514aa17fee888e0b9a2225679cb4bbf3babdca1df80e4df91
hm,n,26e3753f771248c58be46905a8fabd76b1266ab642d13e8549bd537334e11288
hn,n,2c3e64b79a49b545fa5b70deb1e2bb97896f581a6637c878a2e8a13cc0f63c8c
ho,n,58ecc34b3806ae61c7e74f5b8c35d9fc619e4d74cfe579f2bd389d751575c538
hp,n,dac206a35f708cbb08fe08fa81356332b1817429cba0c066d672cb300df9d1ed
hq,n,85f10bac13b15db41b1583efd53a7b2c2add343a06113d6253ec67727a1da1d0
hr,n,10947fa6f1228a524a78daf07b257cbfe6fe0f33aa62f9fa1cf2997262087848
hs,n,18051bd389bdeae0a39f5f27e44fdd486e20e92a1d0fb81d933d9f31665a3cab
ht,n,d7f6402ae5a13c444f4a947a7a0c84d74da03aaca2e1fb69dedb047bffd07075
hu,n,15e83f341008c4ac0dd0ad826a11038cc94bab2b4e8ea4f31c7b8a8733e70a39
hv,n,a3ceedfee91c1620f068149c810b3c660c72009e453628f4c656225a162baab3
hw,n,1d8518d6f4c1205df8bc4b90cd3957fee5efc9bec4d505687f9a163a74322c14
hx,n,3c225154b2c15a7097dede41f16111749ad537571ac2f4be5990cdb3a57d2c8a
hy,n,de7ed40a4d2527fb6e8cad85f367dc0ccb036b4abb571170d00ee5dca19b2273
hz,n,dc021b91a09129f6c1e5ef709abeeff654ed96f0c3560b4a5ea1ec4fd876a64d
ia,n,b660ea361904c6e0b9c9f120141e8ab671e3dc650ade8b20d5e8e3fc0d3edca5
ib,n,bbb29e93cc9aecb998b918c588caac32f2e5093ae74a13e8f7485ca9bee28e31
ic,n,0e1733efb669979a709f05ba0a8d2725095193cf81fd05b75b7cefe5c48e03f9
id,n,fad9ac0e3018dfb8ec1c25ceaa5b32c7416fa282c0cf4b7cbf11de157037cc7c
ie,n,cd5b158f21b7588b4e9c3f84871fdfc1fe1a61915142c604296764079cd77e54
if,n,96e46563e6c8eb3409a926d676d01dd5c884e584d57f243790cce347c2a3a95e
ig,n,7d2969e37aa4ff6030ee5b5b9e60f8689a5bab0a4a24b432d7ee4be157e5f6bd
ih,n,6183842e9dfc52f4347dc185a133b872b1a29104990d2c9f2bb6b40f01ad6945
ii,n,84139e0de4584b2890e6c1db593ca12f88bee22414d7417bfffa83a6beb01ac5
ij,n,0fef85a732fdb5e29877d50533013cd32b126859cc8eb181f8e6d10b943e3385
ik,n,6ffec35d270f64470b8c3976bd5cb65ffede481007f7f102b4bfcb0820fa3647
il,n,5da3a4c7f117944275b4c8629c4916403625d5a4a6573a01ecb03f0e9d2edbe6
im,n,e13c266c61de5e79cf37a99b94d4d4462d6857fe8a5dbdde9e041ae01b14a7db
in,n,07c899d2118ab98e3aa3cd4316a1fcc464fac36ac39e886aef10dc42926cce76
io,n,e9b67bdfb6ae6a2eb8b5e12d88cea1e6e02cb8f6dd67e62c30b95cf7f21ca509
ip,n,ca5941f91508c0d16fc4f25ad7b803d7350f9f396f751404833f05b9193c5ece
iq,n,c06a5de408e558b6f918e6fbb76b0a14a19e83a2adedb7ef78f0b6603844e459
ir,n,83a94baff51a3ebd4794aa7d255b803e0ba225e1d5a03d9ead2b0a3baa33ead4
is,n,05d96884de1836c28a74dcc59736931200c2d8606c5ba705de19dc916222212c
it,n,c28f28a284eadc147f0a50c19219b7d3784af2603c1496e53707ab206ec3fb84
iu,n,cf5ae2a21b51216dc97e07433ec5f77ec1f1f3bb5c229921e0416e50ee61d252
iv,n,298bdfe2d0fdf1f87aa60b3cf7b5a380606608ac34cdc9a2cb7955c43ea35a97
iw,n,51687ee6bb7607a70474707c7de7fbdb4b3b9ac9275459a08fee967b80ddfa28
ix,n,a0745f7ed88cfac6058d1d4cfb57bc71127a28ad7c6756004142a90aab5ee99f
iy,n,fa60ace044a1f4e4e8467e42d413b36e2674e53954aaed44079c7970635f3a28
iz,n,b33fb9496bb243c4a22df57aa7ae88868123db5ccaf066feab1130fc60a29c59
ja,n,5e35a9a9e3050636df77d32a8e7be5176dfc1a89292334fc3d98f295002c8c70
jb,n,53b7c39ea3fd9e12a280c2b91578dcc916746e7e8f2a06cc096250f625617dde
jc,n,503fb7ffa4c86d4d4d83673bdd919173ffc6469bd8e61cfc0d1eee1fd173f639
jd,n,f3e69bbcd666f94874ebc379ac2e51b70e56bad65022be0f714f52bc3ab9d9ef
je,n,e06cc4cad896f8fa1bcc1854fb9113f2eecaaba5c7bd3b7e120cd1bb9c4fc94c
jf,n,3489530128df73c5ebad8a431fe941745a889c14fef4ecb73c8880eb34da317c
jg,n,b720e4a86550756b37172726dc36fbe7a9f6d234d7bbb09b8d872fe6e348db1d
jh,n,3d84fc5b85bc5c9a552dca4880b3fcaf5c97399ab20e07a9fa15291775a7f535
ji,n,188211c42d377a44aa85e1409afa8e63e74d63b27165bf5138f0eda8c314daa3
jj,n,dc13d1490eb53644da03cf1f5cb6c2ee4fb704b658a58683cee6579362f907b3
jk,n,1f6c6b258d376877aae0fd399dc6ec2c82da25ec118f2411b467883c8f9df513
jl,n,da59d53c2933996622e06f45f20114f0718880bcd68e4117199ab3831221ebcc
jm,n,6a08a30e58c93b26fcff3c2aaabe51c84c93b40e297544ff151c24af62e7c868
jn,n,92f04b64fe5a287524f2d92f0c377de689d2928d3471fa739aa08ddba6b73bf5
jo,n,8ec80bbfc2ec054ef73516bfa4249a39ded608f5a1bf3e4bab0d0b66f748cc40
jp,n,8df029f62a69309f1b34b095f756e10fab8286cf1f490da78d7bf1469037730c
jq,n,3c745e4019a016019e2e24e6f489dc6a9f22f3c3422d4e9325c1970b463a32ba
jr,n,d0d0336c397840219a5cc9e86c354caf8565ad48f2edcb5bc53b530f83de00fc
js,n,4bb7df9f635e071263860aadf519461d03c89a1222729983cc9c699d3c87c483
jt,n,227996075319f2781d4174fa40e602a9f9402c672ef61ac029d81eae46d92ee4
ju,n,1cd9382e31d8b799a961372240e209e56a28acc9ae26c1a487c76158ac508697
jv,n,f55a5ba59d670ab231df4882df20aad5536e094a4c04f32a86952fc31a96b158
jw,n,e0d6ee4f4b5e28ff062d5cea2f19ede03f4cc4da03f4fe8639b350c8909e5469
jx,n,bf9d80189a23f7e743f13b9a03aaff90d3132774b8a94939fc05c727941b8daa
jy,n,2471b2002d44b72ee4136dbc60088b46aed5246442af614c4a013f8de85ff08c
jz,n,ee59436b7336ce225571a32b7ba61de5396bbd0597f4ba26b6e69c42abf116ab
ka,n,fb69a0b6cc1301fe6301dcc40453b8020e98594b21b5aa0f38892b4cb9e6c3ef
kb,n,edc8c8249dbf4b4a2bb00ff93f37177c3f0f09f8a3b5c3366f29c4cda41c973f
kc,n,b52fb48b2cbd09b68c6c89d235d37e7159d0e8432d1b28fe66e48dabf0865deb
kd,n,733fd4be0f8c6df76dd0d020e9406b2064831baf46dab12698b3eb8484f5042c
ke,n,85d9fa3b433a48b39675bddcc9ceb7713d88441163084c66c38cf525341afe65
kf,n,9453624105dc5d6127db9afeb68e3d43ece0b65b28f858ffcdfaf356c5fefc62
kg,n,082342bdd28916e071a51e4831c272f21427e17240dfc2005b131903972e6078
kh,n,74b2ab50f7a1585e39b8faa0aaff4333e84e0aed45681c27419c0038065ffb2e
ki,n,fc710032e17d2ce5a15e0bd4ba816af5e426d468a6947033471273550d7ad027
kj,n,e7cfaae9e15a8f54e703ce4499c7f571f38f22ea59ed33d99d5f8a5bd9a1a086
kk,n,fb0fb69afadce40fbc93c796ca2f818ab0e54991425c1251f41eced0fa151877
kl,n,257e9d42ec1a46b4633ea9b8e5abea9de8bc5a1f3bb82a0571e06ed5ccfe2f1e
km,n,f040afbe21d3dd8299e985a8c276f4db6380a4025459be20f2d8325fb82d91d6
kn,n,0a3d5ddd2bc47324ba0a560e91435ad46c920a32286682b4af6442d1f0b66576
ko,n,01b9fd1243f220004851e0049cc34ab96573ff8d94a7c8ceed646a3071afa1e7
kp,n,e086f4bf468f2b4f9b95ac804ef7da0ab91ae472e0cd8b5b9d56bfaec4e2514f
kq,n,892f494d8f9a50916ad7e8c6248e63ccca49f86f0fb8b12df841006734e4ae99
kr,n,738b3c221175625b36942ff8c3ecec7f03c2f6f662c5a8e8e4525f84f2ca78ad
ks,n,01348435cea8374826321503e309561d501bee3dfdf48cff164f8943716fafa3
kt,n,95d7ec65ac18d68a45e591b375462c332a646c4d1696393d1687668b2be4f535
ku,n,5b7c912476aa2235e21e0098800860572a1d8d2b938fdeaa97204543d79e0b1c
kv,n,e69dd5341f23c796c5e17402603caeaeac588cb088562e79ac635bbed1ad814f
kw,n,b08e3aec37c250c4a185ddf5cdf2fa51563f8b05be36944d2664d1b8d83008de
kx,n,a9e24df5bf7b24de2cd50a98f92d9baa391319d79c0ec46d19ad29e74abba1f2
ky,n,34ea93d218a0b3083259bcedaaf66d29f1f4a636eebac81ccf06288f50e55bd7
kz,n,b611433507d68280db32ae82d2425bb8342c79fd33d1ef08f9870207e17d286e
la,n,439e84bd7665ebfbc78413f2ac49fd96fea14190238637da8e08d05c9fae000f
lb,n,84d10d96ddb45ce67ed8bdc5ea2fe849678db10c4ce824b9ebe54bc2219da171
lc,n,9b90a7042f8a4fa9eff7bfa0ba36d42f52416f77334835f4f29ed385a04fafb5
ld,n,528d37e9935a3e0d6324ca108c80f9f3c538a21ae47e4e828dfad5e85aae67dc
le,n,17f08dc6d132c6c9c993810d1b202febb47cc745d1a8b882fa0d6c03ccacee1e
lf,n,cd47ce40f7689391ce95060df41287157af42f9efa8f24678c8703bea63645f2
lg,n,3e9b56d6983f5ccf38faf7be212b1699e07187fd8d87aa38d0ce648167111aab
lh,n,1dd25ba0463a5e920a5e8e4618612be8893efd3d5b5d58bc9815d37f2b451b90
li,n,f71046796929560b0c49fa3dbfc70703bf5a9f02f954802f110cbcc741db2df0
lj,n,d3bf87d0d7e33d320e777f0abfcae408a4a0aabfa1df23993c45528eeacc75bb
lk,n,7335946ce01e9b8f325273aa6bb051462315857f57b17c2d2b0fa970bfad6147
ll,n,0c36ff1437f3d58f5bf7a83904d5da2066755b7b7772ca400b3a697d584f4859
lm,n,4c53f2ab9f173a6986775647e862ee64c896585a4a244cf551f784899dad29d2
ln,n,a21252ca46990e1e2c233670dde4fd042f94376df1758363712eec2c3c2958dc
lo,n,4f9574c01d58bfd3b852ed09764b8cd131059ecadefdac193e1efb9ef6b19691
lp,n,46fb078d98c2df164f3265183aae1d316c03a679e58d2f60ec334cdbda615945
lq,n,ccc115dcb5c38260615f57b7db9f8a7c2958c7e2ca32ca8fce9c6f2f89b16418
lr,n,a95ba86e9dec9f32b4843e9869ac90b77013f1748bedb5d4cf533307fd8e882d
ls,n,7e30cb8b63fde7d4f89ef30c59061782d5b4ea8375c0ed640bca836adf274787
lt,n,a2212359b7e79fda79ef39d39ba37804ecc353951e76727f3eb20bffea677d77
lu,n,591a05abe60b7911660d65869b10ddea3fbfebad9ce6e17d706436f4890d9f5c
lv,n,28cae85a6ea85904bacb13d9a87f0c767a769ac2c4cd683bfa3db74324dc0336
lw,n,7ade893d8bd880ac6133896199160db9c60d59fc2b25eb25504b36bacc0a6707
lx,n,cd53d2752509cbece274d9d3ecf724651a7cc44cca711a127e2d137eb3abbeaf
ly,n,a854310cb65553dcc3e768abb1a4f22e156f4c05e75873e8173de8d188013982
lz,n,8ecc0c47e14747eaa75100232cf8cba361f55fc41056710fbb0a15b6cb9b3a8d
ma,n,fc2551137e93af952de3969c2aaeda86e8da12c8407839cd5e41f148f06fbd53
mb,n,a93449af05c5be7ebac3f98bc095dfb04a68673820577ddfb813942221cedad8
mc,n,d76827e837f1b94e4ba538666252cd18101f90b56b4f49890587bb86509433c2
md,n,46681212bc48ea9eefc82267ecad7273d451ae26d18ea0eb646d50c86cae949d
me,n,56901a7ffcf3b1abf14d35f77fcc61d702526b5e5b90ee13bf34e13ebfbe7c6f
mf,n,477c1dbfd23960622ca1190833a9999dd635b4016ec59264afed995bb883270c
mg,n,63e2955bd4e99a998fdcc63c3ef557786ec95cfc90e413b6411956df74e90a4e
mh,n,23322bf1c25407d62e4d36d1d3667d3c65598534d36d7839f093e8929d70ef4c
mi,n,c6806e4506da88af217f14e6edc370999352667aeb96be2f5e670a7201ff990f
mj,n,9a1e48efa666d97be675e6a2e44f69bc899b5dd5e7c6029dfbba39abb1efbc63
mk,n,87a8ec19bb5c61cf468147ee90636ee9cd02615c7429ec99701484607c02de23
ml,n,746ab507a8aa058f43b579f4a850d756a8e30dccc08bba8ebde54f8932632020
mm,n,1b8ca64b98fec98e8dec6db2cfd8114d01b46191e530013da8288ebd46888ad7
mn,n,4e5af721d4019c5d22b76efa5323b3d065d48e270538598ddd84d969252f5afc
mo,n,54e9c238b42271683d04506338886f77d5f83391b5273fe80573c6fdb87fd9cf
mp,n,df14d893e08c77b91de69024fee5d4b649b4cb0e6f9cd10041fa95cffd76886b
mq,n,716d23a9845be6488c7296b6da3a414caa0ab37eadd1fcdfe27fd04ef8414b41
mr,n,236e11304057cc136a9c19c27573ddec0eec62127aeac82388253da644d6df13
ms,n,00e1e10b7f275ff455afed38eb08cb1bfcc007805f50e0d6e8573f503a63f4be
mt,n,fc74de5b79d22c90b0741fe91f7859e72884a70bc920c7ca2687f030a221f0a5
mu,n,137686ba145d8b0b70fd419ce3413be32d07ceddc7ce26b27ec427af0a34c66b
mv,n,8e3e0d40714edd0cf40b4dc6f6164064b99c8a2a618bd9ced59b7e8171ef5396
mw,n,f0c4422564db5a01dcfb3ee57d8cf2fdecf6060b99f60217a943492b18a61a5c
mx,n,bd931a162dd924cc24ce9cf6d8cb630928202509e981917bece5186b382af8ba
my,n,c95d79f018cd1aaa8d00cbff372ad334b5d96be62fa9e9ca343585d56a1b1b25
mz,n,49fdc28d5c299fb5c576bceb2e56f18119dbe5db61c50e9271ee54d0303797ea
na,n,4db85f447d03b435c0a252d5eacb5db89d13805349e514c89057032dd179014d
nb,n,b630770a172aa6670ad756cec820efcd9276ba4e5e35dba6ac37e381c576315d
nc,n,8f0c29a60e3044cdaec1e76e635632a9c22b07b300958142093d3ce73140a334
nd,n,b0a8f06215daf0d9c91a74d61323e9c8a5ad6a9ba87747f3f5e00272221b1683
ne,n,b6c06bb4495150bf0b0a00eb00b05727d7e642b63b1cafcfb4a0cb2957e5f7d0
nf,n,fa9f515065403f474092ac197d433c6698a4077dba69ed6abe9f7e2299b54558
ng,n,ca21136dbd8d004f7dcb304ce4148d68998840736bca592c82ad5516a2e7f457
nh,n,6d587918cc9410a3f4eebc87ac8ce15704a7eb03e7400b9b60fb141b96edbed6
ni,n,871f624e7be64c56efdbcbfa47159b7b749833147c277f70e3430e38b31c38ad
nj,n,9e18d61e6db9dcb09cb67597ae57e3b807a3281a6dddeb13075f3a11cc806425
nk,n,0b94b0cf882a563cd93c01303c80f2c7ea8aacd585da6f208b9b74b511435a79
nl,n,edbf81d136f9537ca8b2db691574c735ec2738d9cd493aed4149490a01eb707c
nm,n,849b282755eb09e3fc54042b1b43c55ef10f37ee30af715922d8b04657d7a587
nn,n,e8702ecd939e3ace89e85e0df11878c76de38bc8c4ed42f1d842abb05e9b511a
no,n,bac78df00c9ce22c8a888f620efea146f865052eb9d9cf06849a23693a0c1d8e
np,n,bc33e651b03b42efefec8152deb3165b3701015ee0a61e1432df5e596c00aef3
nq,n,7a1eeca70e68877fc35fd25158ebc33f3d6fef26d27360336422423bee8e31b5
nr,n,d281d15027020c687dcb2ad080a1fc0c9f39cb67cb96d06c874e824f82839504
ns,n,6ae58847a0a561e2ca93506d0e81c96894a3499b58b2fce218b8f26f94e5ecf0
nt,n,e5b2653832ae0f24b7fb3542f2cef80c4039f39024f378cfdac6244b3f3cb0f6
nu,n,acdca5e6e10af390271759d20f661baac44921e3c38c66565205aa8080f15dd1
nv,n,6819a113cb29069912f78b77938728b5287b9e7e8f7fe44bcfa33667587bb31e
nw,n,3869dda06b6ee734b44a3f8f04551d99889d5adcf89ca354fe5b4a2bdc410908
nx,n,94e7a26a83dbb1ee0ec43738de9cfc353cbb5c9d2f347f3cdeaca724e4165a19
ny,n,cd8347deb45361f7392fd007240c96989e889508e544fd81e4dbd84cca211ab7
nz,n,4b0656fc9d2b3d0af536d47ee7b3ff109811ca05ca8d3af02bc4a98f0dda320a
oa,n,7467b914d771fcfd9291894768fa54543b2f7c45265cddc8bb6a97168f214328
ob,n,4c00b662423d6e824c76f160f6acb90702b3cb63c7fc9509a8d60d5ed0e6dd57
oc,n,47c38c22d6df51f8e9e09a38a64d08719cedb972cf3f90ec4ce1f4e303261bc6
od,n,4043d35e7dd415e7a3e16f33bd229597d27f7866d3d2039b5493a9b184f0aace
oe,n,89eafe87f75cd4ec8dfc858cb158f19dcd979186b5f74951133cd757e30ec7bb
of,n,34ac3850ba91f2abb7963754ec552831ca4c38885d34feae51fb3e74fec86ee7
og,n,cb65a96799cc2a3c19fc9a3df8f8f524ce0881c8104141be73f3d85341f86d6e
oh,n,a45e00e9a63cc5415100798064a56c01b64261db5e1fdd018071b5c6ac89e87e
oi,n,7c45d237d2c93594e7d0ed795e4bef5f050314cc725844cde607ee63d2a49ba6
oj,n,4347f7ca1264ae7f207b3e6bc598509539737c7a6286e622fadd6d7ab0e06133
ok,n,fc43b44b993e45178cce0caef5e01f0ab29bff3ff62184343a4f95b6097cad5e
ol,n,2eb91e523d01165f45f06a385b868bf604aa106e492ab53086c6b7a152e76bea
om,n,2f588afe14a613cb44993b87574220e5af06f5e035cadaa682ec08a20b47c66f
on,n,bcee72e6df5d56319125920f6c69d8001e938e122cd14597e547d49cc9126e42
oo,n,36d2c3997d6b67084312734d8b84f1db57ed93904bf565eda54318951029a0da
op,n,2b8fbda969a8aaa908e763c57e6b22a1697b7c0c5f95fc35b95d492fcc54d082
oq,n,dda0f34c80841d32ca79baca75db2d9d8b1852f9d71b15cd1a24f8081805d538
or,n,fb14067bfdd0352e77afe39d867f06ab7a7d2abeed0d230c372d3f0476d33eea
os,n,2c9e378375ea5c03756100ecfa55f2fb053220c404e0fbcccd009bb8bfdd24d1
ot,n,254bb97b57f12e1608fefc4517de768427b2fd6d2cffbbfcbc09f3c818198d5f
ou,n,d89d557fdf6330ffa41b722f7359660f988d541996df52bbdd8c3c6c2f8f3ce8
ov,n,15467b2056e90a1355644ab0f19744b22bfeb7e8891fd96d70289a4342aa9f9e
ow,n,ed5eb9a37e2d8231af3388319b941995f6dc8755c56043d0cc52b5fe405a87de
ox,n,b076d0643d8294e911d8e3e67c6bdf2a7668dcafa8558a4d36b7442783d4b055
oy,n,3ee9825c4eebd0334f40bc629d20ecbe5b0545889790ccf3df8fe0b0a2da19bd
oz,n,50cc7dc30090ce643578fb00ecf5215c18c6751c8be9992a2341bd08736130c8
pa,n,89e3ac8a97eb023b667fdb6092840118271ee00b9bc2a422f7b652d3323d27b4
pb,n,e6a931acfb284d34e72aeb63690962784ac226a5b3f160a540567d93beb0320b
pc,n,87e31e75d0229aeac6909b2c12dd5feb43380238b011f985ee9e58bf8e4d40ee
pd,n,f5adf532139ef4ca76ec6f8a8d666dec44431b7f9d867261f65f5a5988a9cc78
pe,n,b58e6ac010f2b26b5c79e28fe7a62ab6eb5c81244e679917f2bfb57ab40a463e
pf,n,56ee1a54e96d67da16a6a4234a1e3962ae35a66ebf518f930ac04b9425667073
pg,n,3a79a0c82fc0e7365b4191d0d9bad9ada0c1cd511e82299e0d1c7c6e8ed81835
ph,n,6c343abfec9d4e9b369871f00e979c3f5d166cd76c68f7edf559527f01ac4a5c
pi,n,3c1b5e5f869a0cec9725a2b7a702d763fa045af98af8bed0f8e963a97e38d2fc
pj,n,2c36968c9feb4e261d7eed34d51421c4f91ad3fa9587b6cbdefb1613e900b6a0
pk,n,e7ca8fb129e8919dcbdbb73fff9b7bf7534f33290da9235600f216c774eae216
pl,n,83c99c83507fba2f2bd29493cbcbb1b9363627e41123439ba16f19bdcf816e54
pm,n,d79677188687e7b32b43de9d2365a1ff8ae6f1a9e3d494719be542394d99f7dd
pn,n,4fb8ec08e887b004fe154437d85cb0741ec1127cf3edb048ff6f2591e161ac5c
po,n,a413207ebc71ab0b0606aff86bf2348abd9df6c2a7c374350ce3a56281aff189
pp,n,db38f1cac97f52a8427512d24c1468ac9cd8679c2e7df9c471b9ac887b6aac22
pq,n,a7a16178e6ac0fd774b03c657f29acb916f18365f0988c56ba1ab2c4e84c5eed
pr,n,e39d09a79f5f5dd87b8865ce527007cae32d0462c36bcb0208bfaf5051d38120
ps,n,279e3bdae05dd4764a42ee22a6d9e132a0d82af4aa2a3eb38218131a081f9761
pt,n,c182e40f940f381f71dbc7ec308bac590a4ea14635c553faf61c47df3a4bc1c8
pu,n,ba339dfb9979a960a331183383ebe3e3b2faeeac0f820a113936a7e51776338b
pv,n,a825f9fae0b92238cfbd324d0ea5283a4f4407df30d55a09fa91a61e2d09630c
pw,n,7dec481a272fb2de6a207cfc8e294fbaf7b26cdf4499a7e25444f3a6a52cabec
px,n,7c2a28952d52623862fcaf24dae08cddf49e82946269ed0be843a0ac97daef62
py,n,7b0c604df07f4b3208a30b75e60e51893feee50b3e5a285c8ac10b594400d0e6
pz,n,207040fa141238a4f7268fe56968eb205c799bd18b71ff34169713e15f1a00c2
qa,n,c21376f727ce2a381474aed5b90a6312fea40efb25b9cffbd4402943c8a8c9d8
qb,n,58b304e5beb86d3f916282406029573b20a922e6883f4ab468f9fd4ab4285cda
qc,n,dd884256d52eafcc020e87c29aaee3d7ba475e04888aafcac88e1dc0df7f58ba
qd,n,3e1c73019497ba3f27627a321283bf5f45483b5c31cdcae232a01ffe3eceabcc
qe,n,0c818e2b139c4b4d0216c334c8bace93de9fc49465c50cdaab706dec898533c8
qf,n,216116b936014c5ca6fdef3ab7729c6806fec7e6d55721716e83863c4a6a72fc
qg,n,369ace2481927446722b278a928d0800cf613b8c7a3b3d9de969462c3aca1e7c
qh,n,431d8efbd1d9843885088f82d1cd3280f0258c7dc0bd13825c4d20c17caa0070
qi,n,4589353f21aca1077292c11e4c6a187ead4a51b216df80768d2eb0211fdd123e
qj,n,bfca17c9068dfac4ab734cb351fcf811bab6afcaf790ab382829f374bfa15ed5
qk,n,ec58c652549f30db8654f3d6f33ccf553ac5260d3292e098f9199ff5d4856a4c
ql,n,6055c5a8a17ddb2dd3e3cd0289de8e317ea1303e675c1783a71cb31f868c935e
qm,n,9d96663c02b0c6290b9a2d050b207536487100c318dec2e469568aa48a8bc1e6
qn,n,adb5772151553278e15c71df1ad3402fd5bf19de50fdf59c4726c1259f2068ab
qo,n,a40b70d3e61bfb96b9c3aa894c7c0840b4d6927dbf4785b1ddfae8eb8286ab02
qp,n,004ec025211526acc51fb4df5ff94870c187c90bb9c3b901532d5ff8d92b6cef
qq,n,e9c5b4085bba005c6849aeee7193264f34e8e7a1018da222765c7266beadf8eb
qr,n,4adabe110ccc547fd933416674525ee85e9e4037512e1fa9ad05a6dae17b9120
qs,n,f2cdcd947d31985cc5a21fee8f544cb6bd2520f6b993673d86a2a7618de36564
qt,n,05ee873fa9e48a062c0acbdfb779f5ba77a8deb72d96b2991cc8ab6454520b33
qu,n,1dc5b4b3368a59104b7cf754df66241c1f960f03a6fad4118e69acdaf87fa9a9
qv,n,dc3088f89dd961c5167879e574aa0498a8a1635b2f5b34c6d2957d37e0dce8df
qw,n,18f63ded5ab8a1de24f2e563e9bb47ea03bdb94366abb541dfd924f2b7f4ace4
qx,n,c0e061d92a5a1b47b0ba5a5be34e688b431e18e00c8785226bd68768dbfde785
qy,n,36a6e212efaa9f1cb140eace57b9ebb1be11525209611f62403531531e8f1e67
qz,n,16c37f22d46a1fa3114dbd1a1e09f2f1af9c229b3238ba82ed2944be03cda624
ra,n,449b2fc24d6220cb028259188309000390a1c221def48701cd879e1928d9662f
rb,n,9332819e20962a46d0f2e0037ea703a576da5f4a9744c107e6766d984b6ff96a
rc,n,c813fe5851087346dd0d90fac33878cd95320765e553127695fcbb4856715e53
rd,n,15847f5bbdd236012d960fc1164fec897305a53dafe311ccedfaaa8c553286d6
re,n,b50fb215ed385efbf294014558ac3f2e235781c8f92aa56bee82ea9d84cd0845
rf,n,a3d7b54e27c3f8e08f8a0fb204c7fd1c7ecc911366357503e3ead9140eb6dc85
rg,n,6cb76a591e5782bfb062d126767680d813b1d09c74804d4910ad5cd5f77cab40
rh,n,b382390e6d63fcbcbeda93687a55c701a871e59f7a4b239503736590fe25d6ab
ri,n,6224388eb5fb97a24c73518c0cbabdf79af8075657b898d6babf021bf7f23059
rj,n,fc584d2314a50379174044678cfe1601624c816d6a55daf336531a01222f7c8d
rk,n,4ee26e18de56da2a9313be8ad3359ece79a87c01aaecaeefd05d9c4dd984d1dd
rl,n,90b62dcc6a7dcbeca44a43ca5b027c4fb480379617b81fd682bcfe938d8c136d
rm,n,b5a376825c292a2c6bf174b78591d81082dfd636ec8eaade2ea889e2288b22d8
rn,n,00d0c05518d1ceee3691cf6ad1b50ccad8f2e88fe2da91b9d94db44b28c26ce0
ro,n,f3d176bd2e99126285953123226fdab83e377cf80e2220ff77b91e6efd5152b8
rp,n,b3af84fe2bddd96f143b27c7272d08b27973f51d1abde5f885d0edb02a0c505d
rq,n,a255d67f0f68b2ffdcd5f5c8824504ed92c51a4d7bcea339d045c358215628ad
rr,n,7d9fb9a8261fd71d9f70ad28cd75a45a63eca901992946cca4bd0407ee178467
rs,n,b17e4848dbeb826f29907275394001467365c08ccf44b5c536f58a91ab7b602c
rt,n,da1baacc66105d7ae78c99a93a6a9e498fdb4fb1abe4402cd62db0d3907af59e
ru,n,b46f0a193ee0dd1f10fc61a730b59c70f3114184dbb5bd3c48f73654a52709ce
rv,n,b2eb12b1be18aafe77377481d4c85e0bfe10ccb2393ea79ec77b46aea29fd3e3
rw,n,a04a9e32f47072d602074dd724b2aeeda66a2a8cb8f7d115120ccab0bfeb54f2
rx,n,829763bba6b760a4e0ed027659e27a5deb65067dca1fe5b3bf71c1c92e238b89
ry,n,4356cea4efa3c3737caf0e6d49c3c9a3e4b8c75238df9cd56adf98ec35bcc6df
rz,n,78a05ab0f323453d5b5c9d9d5479928a4ffd0965bc645dd99143c76fc2ce4541
sa,n,bc86e3cd94a18e6232a48e2e6ae7ebdb30232e2859935f3c6acfa5fb90c31636
sb,n,9ec9d2a7501155955d1a120fedc1cd4d4a08398ed25f0c7385526528511d1165
sc,n,045adc143049d771e65cdc93553e8f782b7c97819ab4ba504a86eaf42173bdce
sd,n,d8d721822766628805a7eaa5b03d88fc410f6e90c984a69079642dedfad9722b
se,n,c3f3e02bc8e145f567f57f056b02f19b9a48c41c052187df164b2fa3d7f22926
sf,n,db5104af6afdb0ec131cbf3db59611618bf9e2a79e9c00e940554f86835f639c
sg,n,b4e1480156603d807a890ebc48ea296e109c70d516bc4fc36bc0c8e78d5b9084
sh,n,5524eb39c79a65c985658720e6ec41301f2fcdd5893578431da099fde3fa4e46
si,n,b7b88b0c808ffb92f58d527af970bed3d0d0646d52b10fdb03119661e5ce87f8
sj,n,a1925c5b16e5baca3a11765bf014b96bcbca888565aac2585ddc19a8651e7f16
sk,n,15fc6c4156f8ab312d32bc2d07d87516e442a9c2c44a183aa272595c71b0946a
sl,n,6959bec85b96616ac08f71804ebead41104e92719561ff78f8b54f41d390d86c
sm,n,ae0e2a372cc6ee7f6abbcb9888deeca9c4debe8a8fa24ddb42c1f40db7904e6c
sn,n,43d55e008dc88cf3678284d2b241194a45b89fe4a71e41541dbbf4d962f830f6
so,n,7f46a725b2634e4c3dc09054aadd4e64632dc1423cb31a4adc2c2686c62256ba
sp,n,d5c3a2df32232b24eb27bc644ca4a63386b64f5eef949b5871cf7edc70608ed5
sq,n,6a33bf45a6dc41c18356cf4c32851e290ccd77c73d449dc896febde113c6e42c
sr,n,d47f765cb4ec93092356837f719128c3587b2286bd8bb1b0bdc8f0cd46d218df
ss,n,1cb291036cdcd4480fb694930acd537dd0389e13e4074bd31870d774c4190425
st,n,58925ceba237648814f1e54b1e6fb2ef2569c0702678a8b8c885f74dc6de5abb
su,n,9db2f9c81c3021b7a9fc09537339a3987db497e9067228c952a5cbf31f72017b
sv,n,08d46b2a036777e6dc67f1262dcb58c4fd109996a27b016d376adf839a278b44
sw,n,d3ef3c33db1fb92a87bc9b67e495a01e181a1c47c22e3aa32158e4500eeab448
sx,n,25243c29870a96e0d9f0939493f861d66f897fd9dacd612188aacc2d5604b5b7
sy,n,b54dc62b177bd3951c8eaf101e0ce3f5f628bcef6b60ba28e67e5a82d59c5955
sz,n,d0cbc5704e5cb4094eee0a8349d0f63c59e6b7365cb85340ef618761c849d587
ta,n,e7fba97f77f4e818ebf6de9b5af987470a0fea2f33a5b93c09835c9de18f40a7
tb,n,c9dd3c0f1d24bb73d409bf6770f2ad8e2e9077ff3c60093bba6764d5b96bb261
tc,n,d54475fcd421a48df39189e42c17f45567765a091d3a44970c21f06c5e0d1a76
td,n,db88f632339384fc672f3880f0eab0bdad9624caa49827276154755bea024bbc
te,n,dc71b01cfc8c625bf82e80c0dc6f6d38c2e95bcd0ec7e2be65b79e51fc5336e5
tf,n,b610b3d279921d478b73002b93b73645558a2d03dec45a7e87e3283461d83456
tg,n,e67671242825fe972b3398f347ac0d6c374cb6a08e4133ba676229fe506632e0
th,n,6d437c08db538355023c2930c29f54f960ecb115bb93bfb7309175969cc25949
ti,n,811ede78054a3ffdbf214e63f0a9c064ff7e682083da4d627fa527f67340a009
tj,n,39aac0f3a1b6c4d07f658c43ff41ddea6eb5b54c00d41c4f868a57894cbb6d81
tk,n,f5e364d63dca4a9067f1618efb48fdf5b46078400f0e0813ec17b0a3d7b05ed1
tl,n,71295737d551ad19f328c0acea8f19db8a8154eed5a1a2c5407865d1d5814dbc
tm,n,4963841fe0af61da1b8a9ebe736019bc4e45fc8a3db8d4c38f03f77ae798c2b1
tn,n,86475f5e72acb469f359fa04817d701b5eb7eb380f1ddb635292b7454cb10ce7
to,n,1f3041deb2b40c535e4789de1ffeb2f4c9ec23b1dcf6a0919929e20ae81ba91b
tp,n,fd6662beb9e25797d95fde3943b49da6228d5fd8d35cadc0f0945649f8e61fe1
tq,n,a87e9d991e979d2640245b11c1443d4cc4e8ab1a754d6ff70085e0c63ae0792e
tr,n,f0b6e1486f5ec127e0457ab805b5e068ea6ee91b7fbd915a03df0e1315ccff71
ts,n,6053ab232472766dfd4cd3f1bba5cbda0bf8a5fe3a6f86c2d62b86237f6fd813
tt,n,d4cc2e3bab6ba157a09621b34030c6ace6437a26885659fd3bc3ddc8fa988c91
tu,n,2de2a32d6fe8f588139f503673d6f951204993186cf2f9af5701408452a2f46c
tv,n,cae2a0bbc1f4029cc4f6d67a45fc85fadf79f78356d4f999d6f9f9d5718036e8
tw,n,a5485519078e8d2870c638052f1be47afd7f168f5ade117e32d8fa0fe414906a
tx,n,2f79fccca7965c2bde71401009add3e23f34c02061cd7e2c828d8a0d5ec8b1ab
ty,n,ca220b06aec3b64e465581f3f3385f1b14bacc442e5abfed61da14ec04149993
tz,n,e651fa056680c6e3e6be317d80ae162d6e49477e0b7f59e125da00a376119f98
ua,n,792b1f64efc83b8011bf75880cf918cd7fa339cef2dd701fe30a2aaa46485c12
ub,n,b3ccc698ef6302ee332a2d746290d22faad53a93cb1154725a7204f58bd4698f
uc,n,9535deb12f7d4b83a1fc6d16b33b16394e2391d49b75ee89e9fda4ae9e9575f5
ud,n,1f575f92833fda50093f623202f4149c9c4c01629f8c6fd932771ceaf890cc77
ue,n,265bc4b65bd1fd39eb1d0dcb0b816e905dd694533cd342511946b9f1a5a6a291
uf,n,cb3832757108d81848d27a21c4f32ebb9354d6b05c82725a2e370f88a9ae5c52
ug,n,6ab4b7eadce3f491a24fd928f1aa67b53a07e751845457cae467b5cc690d0cfb
uh,n,dcf2e01ec4ea88bf26bc8a8c0cb9d84bab12ddccd6e86be16b6ca91f489f6939
ui,n,4a7b188df607c3ea6ae646536a3b80b29381810a1ca065ae116383551c6123ab
uj,n,0ad25c5b1cb2504815b286a2fbb61e2712eb2b7c76770fc0622a0f1216cd6283
uk,n,3eb756039067e74eb315952de89afa82d7e23fe824875d218c61100e948c2aad
ul,n,99e6242759016035192f8efe5f53878a355026b61b0da04e0b56942148936eb2
um,n,1a325e9af1de76dc492589ba2d0c8ce69c8bb4a58a16a4a17608c3d58f462ad2
un,n,e66f9e6444b4e6b13f8605b686741ebf4d2ce037783419fe1ae3de5cb683547f
uo,n,d87cf26a813ad33e4ce6556c58a70d3f79530db5685d3be41a76171431a45100
up,n,1e2a7776cbcf61a6ea4d94ec2f677a16eea1f01c06fb4b96d805005cdc1a06dd
uq,n,472987281eb2c0253473199c1f6f2d688c4972ed10e7ab71e434462e85525628
ur,n,e9b5b78ab02082e001d4c29d0de8ee26e8b01cf7db33c792879714ff90413de9
us,n,a37dcf76a4bc420cecd848bd6be34d02894856bc1d2369664c104811e14ddbf0
ut,n,7dfd8928a4a3162bbd66beb10987e7640f1de3230dd1bef92b5ee9a1c751ab28
uu,n,6dfc02f0208ead67b67c77bcafbf769b4af3b295a5d3adc286bbf7a20dc5a42a
uv,n,5e2ca85d9a1c3881d8b18710520415b7e9459c8cb5421344710dd8022e6aac93
uw,n,33bf0446e14b413ebf4dde4132c4d2d01615e1d478937a0a4a411f141ac77b30
ux,n,1003d0fbffcb69ad2c07020220175a62ee49537a50f406481e77da928094484b
uy,n,ed9fdb244f053342821dab5a0614de05552300bc93779ce6da8cfb2b8a6188cb
uz,n,152184889df9fe0d5757739eb2c391fc4ebb091ad4eacadee21a8bdc3b23eecf
va,n,d006fe927f20043be6f73431d33e9d8d5726a8fe493e85b821999facabe58d6b
vb,n,a235d22c49ddde9556bf4077bb85c67bc7c042267832347693a74c6b0e89629b
vc,n,f0c409cb4b917466ba4aabcf3468538b9be6c2cfbc327bda0712e78e8ee36b8c
vd,n,43d5082861bdc6a96e6413973615dece4d1a798b466f9484598ac2c713644a61
ve,n,58929deae5ea5c680c0123e24d75e6d6db0fd573981ddef5469a8a09212b5c4d
vf,n,d7ac19c3332795b348883f4391870faf06dadedc278ac5237cb649f555ff84b4
vg,n,8b9f66ea93a33d49f18871ecd1215a9cde167f287a1ed3e87842b8bd5c68cc10
vh,n,3a8cdb760876b5f35b2f99172f001b82db21a2d9b3ae9dbc0d03a8190fca203e
vi,n,131b4b002215c072145de0079ba75de8f78082592c18169fa5ccec08968e5ff3
vj,n,2ef6a6e97540c8c3f5b516e4a3b135c85532a58f9ca4728c00579b0e425459c8
vk,n,b5d09fa436456b84c9f4ed0661c0e1fa2a0f76424a76574b95393a7360210d79
vl,n,564a41c4d94af5ea7ddd02dc4b435f16f9b487f9ff87a9ece4703d4aaed7ec33
vm,n,880a874af4aeaef61965fc0ea4f40e6b08d94ad51c6ba251a9576a8b66d380dc
vn,n,b15a5d206d14e0b7ef220de90ab2a588c0ad8670a036c64eb950b065ff99da88
vo,n,8de384fa66b84f4c67bc7c38173dfc4628060a8f77647cf13e7500d6e66ff369
vp,n,2cf341a460e1c2a461e74ccf0cb9b9f5d48d11c716c806c013c921d6d1c845c5
vq,n,fd7a5235f6f60d5756b26d9bf729ac57f6960023b3c34d742fbb12e1970c9625
vr,n,9ea18001c9a2b615fd322913d3748955b2f4d21d0eea3d9317135cc907ab1645
vs,n,df017cddffe5fa40586964af45de579a4d8a07ebb3d5ade58962fa28a12943d9
vt,n,2af4f0c705cd7ea2583073e97714b19a1642da301cca0bb62bddbab5a646b273
vu,n,392ab8ee79ef0bfe70a35a68435f4589268ba51c541624f8078075eaca43736a
vv,n,5645dca20b10f42e2c7ecabe5ecd89121cfea493ad34180ecd1f238eecbfc362
vw,n,1e507fd936ad929c5ff5d6f15c023f83e0e51e358ebbf6b6abadf0036b8ca43a
vx,n,53de527c5e297645f24448bb13ee04deef0f90ba070141c1ddbf7cea70c96e28
vy,n,ba61c5facb3865c5f395e4cb1e8e5488aefa311496a346c9883e48ab66b19b44
vz,n,c53841088a26a7651faf022810eeaf0223e2e0d5e6344a20916d20e3cccfbe81
wa,n,fa6634000a062abad6806fb0d006140f205e53c43008b7cd6f4a7fa6504a4cbb
wb,n,711cfbe4508bc08b29bb785841a4b99dc80481654ec16ae134675884488edb6b
wc,n,5285ce1d6eb85fad7e934dbfd4fae075657e381c61249e4caf24bce303c363c5
wd,n,acc7891e64abdb9729a2c58558f1a238ab62a523f007aaaa0e6040d57dc14a2b
we,n,bed6cd1fbe95b459ce6f805c52f6a6e8dd642d842c5c3e10d1c502dd577dd51f
wf,n,7e96e2db7a512e9aac00e3f89d7128ea34000bdb7e076fd6935e72581b8510b7
wg,n,5ba7874baeabfd47c46a5756d25c64785fdfe57421626f0a0d737d7c76f98bf0
wh,n,e194f451f89cd49d26d7b43b951fe6d19bf596212cecc8a5fec2e9259d8b302a
wi,n,ed949e376c9d0dc5bdfdc94216738be935f503b10576bc98ca5af0048bd8a62e
wj,n,2dff91adc9448f9f1c6fb0d8957f82a643e3f1b167085e3ff5b22952e6f6ce10
wk,n,292ae5303607c825a6f5c6f7948294ff29baffe32d61ad92d9f3bb1dba921d99
wl,n,71506da541f7314ca897051b230699ec382cf7430ba2cf29b0d3d417798a3077
wm,n,b492db2750ce6e21640a530c75a39ee7a6ac411e5962b6d96d27572784cd8ab4
wn,n,4f4d3cca1a3d836523fd9e2fce5f700d7d85d251bb84a43e4f9fc03a00bc88bf
wo,n,9ab013dd36a947017edd0d1dc5e0b17180183765caa6fd6a44f0fd48cfee644b
wp,n,0b3bbfe7f17351c9340f7311e810fb69edacebb7043c88cd5914431505633c71
wq,n,e3e778e1511136d8ea390e0dd65922995c07ed5dcc3ff6ca4817e5233f1e8d28
wr,n,498edb992b04d941bf5f7d59aeb26cafe14a496183cd8964be3a570b5b14dff7
ws,n,6c778690c0e9fc617b8a8d9398b77f7cdd257865336c9d2a73201e2c62b96a42
wt,n,026c0c72f8061fb77887319e3eae0475fcfa5020f1ef16bcd7a0feccbe6793e6
wu,n,46d06d0a1b7cb876f17dfa9b3f2ba3bb702630204f2a40753b1077842738f90d
wv,n,a01839f933facb8b722dd5cbb76093d6f83a1af794b144e49829d2c784245e45
ww,n,cab817914db8c37a8cf6c6eede32ee5f1daa47115e86b7db07ec1fd626e087e5
wx,n,25c209ec50d3da69cd47b54fa32c7a57f62fbe0673276ad8d6ce5341cd39b3af
wy,n,e6401731123e6bef190eddaf0f33d40641e4e64c225d8c358d8ec549539b668b
wz,n,34fff81dfce8ddca8a3411de2ac8a7770f854d84554432c40938f898fb5958e8
xa,n,9b410183ec8c896903e78b31b30f96a67b360abdb24c39b64266b74b5aacb47e
xb,n,0514b4f113fa8ca577126c03b8f9171fa6d1553f0b1b713f3b818562ed7430fc
xc,n,3f2a5c8b7450c2530c8245088bd6d486b055b4a8f103b47a787040468948f07c
xd,n,9f4c51f79f18d909eacdaa648cc266ba2bf33fb20c7a9f630accc572cc2f791f
xe,n,636d510af2dc6abd06841660645997074af94bb235a099a1072652c7b3ecfb03
xf,n,1738235c32b27e0527fc246fc7ef6d6db802f5a9b356ce08a984f16b32be70fb
xg,n,eac3df746d7d7f0a8232069b89263aeac9f065bd73aff58d241584e6e45b11a9
xh,n,00957ec5bec582a6bca2beee03e1c2c53669a6af8cc08e0c6dfda3a8231886be
xi,n,526f0af91e6b579f7424b5a4a324608e68d34f5a407f0e8b60275aab73bb310e
xj,n,c5c2ec4745589b224a2c0659e0983943b19c5fa952abf40230a871d684ffd4ed
xk,n,efe058883b0fd75294bcc04a5d0929c0ea1776e9dcccdbbdc9a70315ad7dea1d
xl,n,f9355dd3a261446f5db208c6e857877ab6a2eb7a22d9cc80e55063a10b1643d5
xm,n,4498c0853174099177b9da79fdce042f43fa66723f0b1d47a5614cc7fffb6adc
xn,n,02f027e452de23e99f89524c13a20060c5e668e79669856965b25c7c482dec7a
xo,n,784c8f92ceb91b4860b03b408da6f3258e436347f589159a4ea6e4349908e926
xp,n,e554f8d4f5662c24490a933728b503b6416ae42ad20e69cd8384f30b0219d3dc
xq,n,700dd4c8b6a9ed8ef635fda04a8dbff831059429c950ab927f5047ad0c00f846
xr,n,e89046bd5ce4c94b57abda507c75d7c3fda6aa1456e92db0c86c53ccb99d97a4
xs,n,0620e987088f25da76f1acbd0b59e2958456d474c66e154ff494576d094e4617
xt,n,d2c4ff9906368a54e818dec6e9b2c03d2e6ef95c25fa3ece1047f28899eac297
xu,n,150d8a1022a74fb7d87e6fe3936bd38f904e251863b147d60b3daa16e0a9b350
xv,n,586c4efe9b8e9e9a068dbd6eb8e58ff65ea3afced37914d87b62e16c74c0f2ca
xw,n,f1669717e8a5d83f6cc9784834b9c5d19baddc9799c08d6152ed3726e0ef9710
xx,n,0919bc672bbdc06fb07ce507c11437d242072c80e7efc701bf0380c0a01a5430
xy,n,e3c3490437b8a951f68604e61272c5d063173ef6100329ef763bb284892e6dca
xz,n,09179668c096a47185e68924aa5f314996da8327659ba76b0ff283465a2c94b2
ya,n,e7a00e53bd04bf48c4cde300b11f10decee18d7a825502c4edcbc2fa38f7fa1f
yb,n,233a46d3554758f4b8acdd12bd994b0ab211a44593aa746891d28a6419d6c0f4
yc,n,f394d990b596267820889b62023d60f7e29778326768c6a67fc4107cb7950b89
yd,n,c9d9bc746d5d798e0abe536d0f006baa5ffa8abce5747ae02ea83def6ddfc652
ye,n,94be861f636938ad0aa7ced4fc4562c7f8389a06d917d1f5b1be614678a638ae
yf,n,884b42ccd3f2741938288ec8e00f149826b5292bef36053425c1e53a59510644
yg,n,9b600b28d71f50828b283188163b9df1ae16924d9084dcf1044589af627c5073
yh,n,a271470e5b7f6c5687808e7b296029ea9c63b770b1b3c8fdaca56f15809d8def
yi,n,c29e84b3f0b04d4b42b3978c938761555ec8b1593e06e7f54ada5506b6d71730
yj,n,a4afa7e9dde723534ab054347df147f92d5972bef836c16b70ac4e903b2cc735
yk,n,9fb5fbf1528612ce06df4fc229c55a756b69fb052c9b1aaa4e63aa0aa9a4247a
yl,n,845626f50590e6051e200118054c325cb5d1349d1195d9add0379b43e8f6ad1b
ym,n,02f42d8032b4f68d81629c07d4ac35e826a7d28ef4157411ae1801f557222e34
yn,n,18c0b3600e4f33dddf305fdb49496372f2984fd454dde8b2caa9e4ae144ed898
yo,n,d18b0f124bf881ae64038711777c2a3c00f2e63bd1e7147d516d5eb0f8036c20
yp,n,ddfdd70613e0ab708374a7e8db085f2003cfb29af40b25e7aea00f49b570d551
yq,n,61bdaee86517654987c0aff2690e67ccb4643e742a3926de0f5733138ba751f1
yr,n,2bd43d5ebd7507668f5deb69c987d9cfb593af31e763dd218930d7e9f556d193
ys,n,cb80eab448f219041646c596bdbd02413f1c1b9defb71c5881b58158337d456f
yt,n,91826add52a73308c02e18e944a2bd9b9800c668ed1173fcaf16b024d13ce1b2
yu,n,a691b6bc04f1996c0ae05aab9c29067fdbcd2d521788b728071b453b1efd840f
yv,n,9ffd8ad4b6ec458402060a2cfbf61643468bb5c5e963afa9abded59c3e3f1eaa
yw,n,2a00a4a8de4d7223390ab95cc2a595acc8de0330abab3e8dff21df7f3fe296b1
yx,n,a2db5f9450ca648058ac2ba537eba084a2f122139d3abcf6b19f998f2ee31e10
yy,n,dc0c47cd08de05108208f6975b06e066e0ff81b4d6fce7fb7e9103f5b51d5f48
yz,n,ab9bf1d2d1caa4d2a6d41c05653ba8af055c28db9fb3a44afc88bf0084d34984
za,n,5dddfdbe6a121aa1786f18e7c657cc28e7df342d6f2707f41718553736ec9ec7
zb,n,5099941fc6e5440244a41b3f6e466d8933f73ea1647f042bf051b380a43acdcc
zc,n,a22da22a1b5835e3e969f942d865bb8043dccbecd13baccc874ec1b43ea782a3
zd,n,1ee632ced536e3fbcbe57a6ecce25f8df84c3e80ce76ddb6d10c27ef153c0f36
ze,n,aff9848d10cb8d38ede992fb998135158711ae8c14624f318326d8f672b48279
zf,n,7658787ddff74167dbd2f7c6139feef859cafb6956fe9aebf225a95a2a4b4046
zg,n,343e60eb5784db3c7364625b256cb2a07b61db74f74e23b146606bfe053101a5
zh,n,5d9615051a5eeff4cafcd69041145ca41e25772136bd9f9e22f5ddddb19d880d
zi,n,9a99eb0528abdaea6c5da9d4c0fb9e4355bd7ba750e49a7fbcca3cabcc04a335
zj,n,48feffa751b4dd0d95d93cfcdfcab5605505e35a58ee78c1ffbd8b2f34537c46
zk,n,d6e8104ff77ef0d5dd9896fb1c54b9bad191fa78e890b0921eb9e930d54ca9de
zl,n,be2048fffe306d861e9fbe3ea5de0c35f152792d31fa4b726cc873e6dc08fca0
zm,n,4e57b468ef18b93000ba207017dbf08d577e0304afccbf1c24b891fbda7e713d
zn,n,7a160d9d32ced4d0776d8d121930c0e11540b0dcb3ae89fc0da787443644d69c
zo,n,4838eedda573f7984a6d2781862eb3b56dfbba673a4107a42e8453cdef864639
zp,n,eac3090684e3f9f47adec49a54bdd21443b1cede6bc5e7bc29f06fd451489661
zq,n,f180ed5e0bdfe6c81001fc66583b0d0254bd27e7eed628e6c1f59f5ae8eb7ef8
zr,n,ba3e6c7afb7e12e6babc2ecfa56ee9bd90a965b6fc36f1b382ad53d7fc8e1f2f
zs,n,e86c3d229596604fda171a9a0c39f09035f09deba6187b7d376bc43a00b9cf6f
zt,n,c2b4da45c40954d274bda3dd2fd125f572645855feaeb666249dba881ac93288
zu,n,1a9cc95c0639fff3b3ae8fb9f2233a73144084c8995c844777cb42dd8600124e
zv,n,8ed0cadee1f0d0895deb54fa5303cfd3200cb16f7f40da9b1b179d32af8fc36c
zw,n,a96da15a5bf6dd349b0029ba3318de225cb97eea9f494d4e0bf9db0adddb7cb0
zx,n,50ace530e34a8b65816ce0ee350bd55480d9f5fb7000008e6d551d4bac9363ad
zy,n,d341c51241d18f0f630957be6b36667a8373c17bd8d9a66f16ec3d350ad015cb
zz,n,8e05cf45e8f018951435383b318c5cd93203792c2594801e00b07cb3f8d3e132
